<Type Name="ObjectManager" FullName="GtkSharp.WebkitSharp.ObjectManager">
  <TypeSignature Language="C#" Value="public class ObjectManager" />
  <AssemblyInfo>
    <AssemblyName>webkit-sharp</AssemblyName>
    <AssemblyVersion>1.0.0.0</AssemblyVersion>
  </AssemblyInfo>
  <Base>
    <BaseTypeName>System.Object</BaseTypeName>
  </Base>
  <Interfaces />
  <Docs>
    <summary>To be added.</summary>
    <remarks>To be added.</remarks>
  </Docs>
  <Members>
    
    <Member MemberName=".ctor">
      <MemberSignature Language="C#" Value="public ObjectManager ();" />
      <MemberType>Constructor</MemberType>
      <Parameters />
      <Docs><summary>To be added.</summary><remarks>To be added.</remarks></Docs>
    </Member><Member MemberName="Initialize">
      <MemberSignature Language="C#" Value="public static void Initialize ();" />
      <MemberType>Method</MemberType>
      <ReturnValue><ReturnType>System.Void</ReturnType></ReturnValue>
      <Parameters />
      <Docs><summary>To be added.</summary><remarks>To be added.</remarks></Docs>
    </Member>
  </Members>
</Type>
