<Type Name="NetworkRequest" FullName="WebKit.NetworkRequest">
  <TypeSignature Language="C#" Value="public class NetworkRequest : GLib.Object" />
  <AssemblyInfo>
    <AssemblyName>webkit-sharp</AssemblyName>
    <AssemblyVersion>1.0.0.0</AssemblyVersion>
  </AssemblyInfo>
  <Base>
    <BaseTypeName>GLib.Object</BaseTypeName>
  </Base>
  <Interfaces />
  <Docs>
    <summary>To be added.</summary>
    <remarks>To be added.</remarks>
  </Docs>
  <Members>
    
    
    
    
    <Member MemberName=".ctor">
      <MemberSignature Language="C#" Value="protected NetworkRequest (GLib.GType gtype);" />
      <MemberType>Constructor</MemberType>
      <Attributes><Attribute><AttributeName>System.Obsolete</AttributeName></Attribute></Attributes>
      <Parameters><Parameter Name="gtype" Type="GLib.GType" /></Parameters>
      <Docs><param name="gtype">To be added.</param><summary>To be added.</summary><remarks>To be added.</remarks></Docs>
    </Member><Member MemberName=".ctor">
      <MemberSignature Language="C#" Value="public NetworkRequest (IntPtr raw);" />
      <MemberType>Constructor</MemberType>
      <Parameters><Parameter Name="raw" Type="System.IntPtr" /></Parameters>
      <Docs><param name="raw">To be added.</param><summary>To be added.</summary><remarks>To be added.</remarks></Docs>
    </Member><Member MemberName=".ctor">
      <MemberSignature Language="C#" Value="public NetworkRequest (string uri);" />
      <MemberType>Constructor</MemberType>
      <Parameters><Parameter Name="uri" Type="System.String" /></Parameters>
      <Docs><param name="uri">To be added.</param><summary>To be added.</summary><remarks>To be added.</remarks></Docs>
    </Member><Member MemberName="GType">
      <MemberSignature Language="C#" Value="public static GLib.GType GType { get; };" />
      <MemberType>Property</MemberType>
      <ReturnValue><ReturnType>GLib.GType</ReturnType></ReturnValue>
      <Docs><summary>To be added.</summary><value>To be added.</value><remarks>To be added.</remarks></Docs>
    </Member><Member MemberName="Uri">
      <MemberSignature Language="C#" Value="public string Uri { set; };" />
      <MemberType>Property</MemberType>
      <ReturnValue><ReturnType>System.String</ReturnType></ReturnValue>
      <Docs><summary>To be added.</summary><value>To be added.</value><remarks>To be added.</remarks></Docs>
    </Member>
  </Members>
</Type>
