<Type Name="WebFrame" FullName="WebKit.WebFrame">
  <TypeSignature Language="C#" Value="public class WebFrame : GLib.Object" />
  <AssemblyInfo>
    <AssemblyName>webkit-sharp</AssemblyName>
    <AssemblyVersion>1.0.0.0</AssemblyVersion>
  </AssemblyInfo>
  <Base>
    <BaseTypeName>GLib.Object</BaseTypeName>
  </Base>
  <Interfaces />
  <Docs>
    <summary>To be added.</summary>
    <remarks>To be added.</remarks>
  </Docs>
  <Members>
    
    
    
    
    
    
    
    
    
    <Member MemberName=".ctor">
      <MemberSignature Language="C#" Value="protected WebFrame (GLib.GType gtype);" />
      <MemberType>Constructor</MemberType>
      <Attributes><Attribute><AttributeName>System.Obsolete</AttributeName></Attribute></Attributes>
      <Parameters><Parameter Name="gtype" Type="GLib.GType" /></Parameters>
      <Docs><param name="gtype">To be added.</param><summary>To be added.</summary><remarks>To be added.</remarks></Docs>
    </Member><Member MemberName=".ctor">
      <MemberSignature Language="C#" Value="public WebFrame (IntPtr raw);" />
      <MemberType>Constructor</MemberType>
      <Parameters><Parameter Name="raw" Type="System.IntPtr" /></Parameters>
      <Docs><param name="raw">To be added.</param><summary>To be added.</summary><remarks>To be added.</remarks></Docs>
    </Member><Member MemberName=".ctor">
      <MemberSignature Language="C#" Value="public WebFrame (WebKit.WebView web_view);" />
      <MemberType>Constructor</MemberType>
      <Parameters><Parameter Name="web_view" Type="WebKit.WebView" /></Parameters>
      <Docs><param name="web_view">To be added.</param><summary>To be added.</summary><remarks>To be added.</remarks></Docs>
    </Member><Member MemberName="FindFrame">
      <MemberSignature Language="C#" Value="public WebKit.WebFrame FindFrame (string name);" />
      <MemberType>Method</MemberType>
      <ReturnValue><ReturnType>WebKit.WebFrame</ReturnType></ReturnValue>
      <Parameters><Parameter Name="name" Type="System.String" /></Parameters>
      <Docs><param name="name">To be added.</param><summary>To be added.</summary><returns>To be added.</returns><remarks>To be added.</remarks></Docs>
    </Member><Member MemberName="GType">
      <MemberSignature Language="C#" Value="public static GLib.GType GType { get; };" />
      <MemberType>Property</MemberType>
      <ReturnValue><ReturnType>GLib.GType</ReturnType></ReturnValue>
      <Docs><summary>To be added.</summary><value>To be added.</value><remarks>To be added.</remarks></Docs>
    </Member><Member MemberName="LoadRequest">
      <MemberSignature Language="C#" Value="public void LoadRequest (WebKit.NetworkRequest request);" />
      <MemberType>Method</MemberType>
      <ReturnValue><ReturnType>System.Void</ReturnType></ReturnValue>
      <Parameters><Parameter Name="request" Type="WebKit.NetworkRequest" /></Parameters>
      <Docs><param name="request">To be added.</param><summary>To be added.</summary><remarks>To be added.</remarks></Docs>
    </Member><Member MemberName="Parent">
      <MemberSignature Language="C#" Value="public WebKit.WebFrame Parent { get; };" />
      <MemberType>Property</MemberType>
      <ReturnValue><ReturnType>WebKit.WebFrame</ReturnType></ReturnValue>
      <Docs><summary>To be added.</summary><value>To be added.</value><remarks>To be added.</remarks></Docs>
    </Member><Member MemberName="Reload">
      <MemberSignature Language="C#" Value="public void Reload ();" />
      <MemberType>Method</MemberType>
      <ReturnValue><ReturnType>System.Void</ReturnType></ReturnValue>
      <Parameters />
      <Docs><summary>To be added.</summary><remarks>To be added.</remarks></Docs>
    </Member><Member MemberName="StopLoading">
      <MemberSignature Language="C#" Value="public void StopLoading ();" />
      <MemberType>Method</MemberType>
      <ReturnValue><ReturnType>System.Void</ReturnType></ReturnValue>
      <Parameters />
      <Docs><summary>To be added.</summary><remarks>To be added.</remarks></Docs>
    </Member><Member MemberName="WebView">
      <MemberSignature Language="C#" Value="public WebKit.WebView WebView { get; };" />
      <MemberType>Property</MemberType>
      <ReturnValue><ReturnType>WebKit.WebView</ReturnType></ReturnValue>
      <Docs><summary>To be added.</summary><value>To be added.</value><remarks>To be added.</remarks></Docs>
    </Member>
  </Members>
</Type>
