<Type Name="WebSettings" FullName="WebKit.WebSettings">
  <TypeSignature Language="C#" Value="public class WebSettings : GLib.Object" />
  <AssemblyInfo>
    <AssemblyName>webkit-sharp</AssemblyName>
    <AssemblyVersion>1.0.0.0</AssemblyVersion>
  </AssemblyInfo>
  <Base>
    <BaseTypeName>GLib.Object</BaseTypeName>
  </Base>
  <Interfaces />
  <Docs>
    <summary>To be added.</summary>
    <remarks>To be added.</remarks>
  </Docs>
  <Members>
    
    
    
    
    <Member MemberName=".ctor">
      <MemberSignature Language="C#" Value="public WebSettings ();" />
      <MemberType>Constructor</MemberType>
      <Parameters />
      <Docs><summary>To be added.</summary><remarks>To be added.</remarks></Docs>
    </Member><Member MemberName=".ctor">
      <MemberSignature Language="C#" Value="protected WebSettings (GLib.GType gtype);" />
      <MemberType>Constructor</MemberType>
      <Attributes><Attribute><AttributeName>System.Obsolete</AttributeName></Attribute></Attributes>
      <Parameters><Parameter Name="gtype" Type="GLib.GType" /></Parameters>
      <Docs><param name="gtype">To be added.</param><summary>To be added.</summary><remarks>To be added.</remarks></Docs>
    </Member><Member MemberName=".ctor">
      <MemberSignature Language="C#" Value="public WebSettings (IntPtr raw);" />
      <MemberType>Constructor</MemberType>
      <Parameters><Parameter Name="raw" Type="System.IntPtr" /></Parameters>
      <Docs><param name="raw">To be added.</param><summary>To be added.</summary><remarks>To be added.</remarks></Docs>
    </Member><Member MemberName="Copy">
      <MemberSignature Language="C#" Value="public WebKit.WebSettings Copy ();" />
      <MemberType>Method</MemberType>
      <ReturnValue><ReturnType>WebKit.WebSettings</ReturnType></ReturnValue>
      <Parameters />
      <Docs><summary>To be added.</summary><returns>To be added.</returns><remarks>To be added.</remarks></Docs>
    </Member><Member MemberName="GType">
      <MemberSignature Language="C#" Value="public static GLib.GType GType { get; };" />
      <MemberType>Property</MemberType>
      <ReturnValue><ReturnType>GLib.GType</ReturnType></ReturnValue>
      <Docs><summary>To be added.</summary><value>To be added.</value><remarks>To be added.</remarks></Docs>
    </Member>
  </Members>
</Type>
